insert into ELEVE (id_classe, id_eleve, id_colonne, id_table, nom_eleve, prenom_eleve) values (1, 1, NULL, NULL, 'ALBERTEAU', 'Octave');
insert into ELEVE (id_classe, id_eleve, id_colonne, id_table, nom_eleve, prenom_eleve) values (1, 2, NULL, NULL, 'AMIRTHALINGAM', 'Santhuru');
insert into ELEVE (id_classe, id_eleve, id_colonne, id_table, nom_eleve, prenom_eleve) values (1, 3, NULL, NULL, 'AZIZ', 'Shayan');
insert into ELEVE (id_classe, id_eleve, id_colonne, id_table, nom_eleve, prenom_eleve) values (1, 4, NULL, NULL, 'BERNARD', 'Victoria');
insert into ELEVE (id_classe, id_eleve, id_colonne, id_table, nom_eleve, prenom_eleve) values (1, 5, NULL, NULL, 'CAO', 'Quoc Nam Tommy');
insert into ELEVE (id_classe, id_eleve, id_colonne, id_table, nom_eleve, prenom_eleve) values (1, 6, NULL, NULL, 'CHARHANE', 'Manelle');
insert into ELEVE (id_classe, id_eleve, id_colonne, id_table, nom_eleve, prenom_eleve) values (1, 7, NULL, NULL, 'CHARRUAULT', 'Mael');
insert into ELEVE (id_classe, id_eleve, id_colonne, id_table, nom_eleve, prenom_eleve) values (1, 8, NULL, NULL, 'CISSE', 'Mamadou');
insert into ELEVE (id_classe, id_eleve, id_colonne, id_table, nom_eleve, prenom_eleve) values (1, 9, NULL, NULL, 'COGNARD', 'Lena');
insert into ELEVE (id_classe, id_eleve, id_colonne, id_table, nom_eleve, prenom_eleve) values (1, 10, NULL, NULL, 'DARZIN', 'Daphnee');
insert into ELEVE (id_classe, id_eleve, id_colonne, id_table, nom_eleve, prenom_eleve) values (1, 11, NULL, NULL, 'DE BRITO', 'Loic');
insert into ELEVE (id_classe, id_eleve, id_colonne, id_table, nom_eleve, prenom_eleve) values (1, 12, NULL, NULL, 'DRAME', 'Faba');
insert into ELEVE (id_classe, id_eleve, id_colonne, id_table, nom_eleve, prenom_eleve) values (1, 13, NULL, NULL, 'ESTILAIRE', 'Ererve');
insert into ELEVE (id_classe, id_eleve, id_colonne, id_table, nom_eleve, prenom_eleve) values (1, 14, NULL, NULL, 'HEBARI', 'Samir');
insert into ELEVE (id_classe, id_eleve, id_colonne, id_table, nom_eleve, prenom_eleve) values (1, 15, NULL, NULL, 'HUMBERT', 'Joshua');
insert into ELEVE (id_classe, id_eleve, id_colonne, id_table, nom_eleve, prenom_eleve) values (1, 16, NULL, NULL, 'KADI', 'Hugo');
insert into ELEVE (id_classe, id_eleve, id_colonne, id_table, nom_eleve, prenom_eleve) values (1, 17, NULL, NULL, 'KHAM-KHOEUP', 'Alexis');
insert into ELEVE (id_classe, id_eleve, id_colonne, id_table, nom_eleve, prenom_eleve) values (1, 18, NULL, NULL, 'KHEDIMI', 'Abdurahim');
insert into ELEVE (id_classe, id_eleve, id_colonne, id_table, nom_eleve, prenom_eleve) values (1, 19, NULL, NULL, 'LUTULA', 'Cynthia');
insert into ELEVE (id_classe, id_eleve, id_colonne, id_table, nom_eleve, prenom_eleve) values (1, 20, NULL, NULL, 'POPOTTE', 'Ludwig');
insert into ELEVE (id_classe, id_eleve, id_colonne, id_table, nom_eleve, prenom_eleve) values (1, 21, NULL, NULL, 'RAZ', 'Kevin');
insert into ELEVE (id_classe, id_eleve, id_colonne, id_table, nom_eleve, prenom_eleve) values (1, 22, NULL, NULL, 'SAADAT', 'Lyna');
insert into ELEVE (id_classe, id_eleve, id_colonne, id_table, nom_eleve, prenom_eleve) values (1, 23, NULL, NULL, 'SIYATY BARRIERA', 'Willy');
insert into ELEVE (id_classe, id_eleve, id_colonne, id_table, nom_eleve, prenom_eleve) values (1, 24, NULL, NULL, 'TAMMAN', 'Mikhail');
insert into ELEVE (id_classe, id_eleve, id_colonne, id_table, nom_eleve, prenom_eleve) values (1, 25, NULL, NULL, 'VOCORET', 'Batiste');
insert into ELEVE (id_classe, id_eleve, id_colonne, id_table, nom_eleve, prenom_eleve) values (1, 26, NULL, NULL, 'ZAARAOUI', 'Samia');
insert into ELEVE (id_classe, id_eleve, id_colonne, id_table, nom_eleve, prenom_eleve) values (1, 27, NULL, NULL, 'ZANNIER', 'Logan');
insert into ELEVE (id_classe, id_eleve, id_colonne, id_table, nom_eleve, prenom_eleve) values (2, 1, NULL, NULL, 'ANNE', 'Awa');
insert into ELEVE (id_classe, id_eleve, id_colonne, id_table, nom_eleve, prenom_eleve) values (2, 2, NULL, NULL, 'AUVRAY', 'Theo');
insert into ELEVE (id_classe, id_eleve, id_colonne, id_table, nom_eleve, prenom_eleve) values (2, 3, NULL, NULL, 'BETTRANCOURT', 'Gael');
insert into ELEVE (id_classe, id_eleve, id_colonne, id_table, nom_eleve, prenom_eleve) values (2, 4, NULL, NULL, 'BRUN', 'Charlotte');
insert into ELEVE (id_classe, id_eleve, id_colonne, id_table, nom_eleve, prenom_eleve) values (2, 5, NULL, NULL, 'CHEN', 'Louis');
insert into ELEVE (id_classe, id_eleve, id_colonne, id_table, nom_eleve, prenom_eleve) values (2, 6, NULL, NULL, 'CLARO', 'Alyssa');
insert into ELEVE (id_classe, id_eleve, id_colonne, id_table, nom_eleve, prenom_eleve) values (2, 7, NULL, NULL, 'D AMARIO', 'Ophelie');
insert into ELEVE (id_classe, id_eleve, id_colonne, id_table, nom_eleve, prenom_eleve) values (2, 8, NULL, NULL, 'DAGHFOUS', 'M Hamed Khalil');
insert into ELEVE (id_classe, id_eleve, id_colonne, id_table, nom_eleve, prenom_eleve) values (2, 9, NULL, NULL, 'DARAME', 'Fanta');
insert into ELEVE (id_classe, id_eleve, id_colonne, id_table, nom_eleve, prenom_eleve) values (2, 10, NULL, NULL, 'GAMBOTTI', 'Nicolas');
insert into ELEVE (id_classe, id_eleve, id_colonne, id_table, nom_eleve, prenom_eleve) values (2, 11, NULL, NULL, 'JOHN JACOB', 'Aron');
insert into ELEVE (id_classe, id_eleve, id_colonne, id_table, nom_eleve, prenom_eleve) values (2, 12, NULL, NULL, 'JOSEPH', 'Angele');
insert into ELEVE (id_classe, id_eleve, id_colonne, id_table, nom_eleve, prenom_eleve) values (2, 13, NULL, NULL, 'LAVERGNE', 'Leonie');
insert into ELEVE (id_classe, id_eleve, id_colonne, id_table, nom_eleve, prenom_eleve) values (2, 14, NULL, NULL, 'LICHA', 'Myriam');
insert into ELEVE (id_classe, id_eleve, id_colonne, id_table, nom_eleve, prenom_eleve) values (2, 15, NULL, NULL, 'MUNGRA', 'Shania');
insert into ELEVE (id_classe, id_eleve, id_colonne, id_table, nom_eleve, prenom_eleve) values (2, 16, NULL, NULL, 'RAMLOCHUN', 'Christa');
insert into ELEVE (id_classe, id_eleve, id_colonne, id_table, nom_eleve, prenom_eleve) values (2, 17, NULL, NULL, 'RONDEAU', 'Tiphaine');
insert into ELEVE (id_classe, id_eleve, id_colonne, id_table, nom_eleve, prenom_eleve) values (2, 18, NULL, NULL, 'SALAH', 'Mehdi');
insert into ELEVE (id_classe, id_eleve, id_colonne, id_table, nom_eleve, prenom_eleve) values (2, 19, NULL, NULL, 'TANGUY', 'Laurine');
insert into ELEVE (id_classe, id_eleve, id_colonne, id_table, nom_eleve, prenom_eleve) values (3, 1, NULL, NULL, 'BICHBICHE', 'Sabrina');
insert into ELEVE (id_classe, id_eleve, id_colonne, id_table, nom_eleve, prenom_eleve) values (3, 2, NULL, NULL, 'BRASSART', 'Dimitri');
insert into ELEVE (id_classe, id_eleve, id_colonne, id_table, nom_eleve, prenom_eleve) values (3, 3, NULL, NULL, 'CAKIR', 'Yunus');
insert into ELEVE (id_classe, id_eleve, id_colonne, id_table, nom_eleve, prenom_eleve) values (3, 4, NULL, NULL, 'CHAMPION', 'Margaux');
insert into ELEVE (id_classe, id_eleve, id_colonne, id_table, nom_eleve, prenom_eleve) values (3, 5, NULL, NULL, 'COURTOIS', 'Leo');
insert into ELEVE (id_classe, id_eleve, id_colonne, id_table, nom_eleve, prenom_eleve) values (3, 6, NULL, NULL, 'DIAKANUA GODFROI', 'Lisa');
insert into ELEVE (id_classe, id_eleve, id_colonne, id_table, nom_eleve, prenom_eleve) values (3, 7, NULL, NULL, 'DIARRA', 'Astou');
insert into ELEVE (id_classe, id_eleve, id_colonne, id_table, nom_eleve, prenom_eleve) values (3, 8, NULL, NULL, 'DONGY', 'Sabine');
insert into ELEVE (id_classe, id_eleve, id_colonne, id_table, nom_eleve, prenom_eleve) values (3, 9, NULL, NULL, 'EL SAYED DAOUD', 'Mohamed');
insert into ELEVE (id_classe, id_eleve, id_colonne, id_table, nom_eleve, prenom_eleve) values (3, 10, NULL, NULL, 'FERHAOUI', 'Ramdane');
insert into ELEVE (id_classe, id_eleve, id_colonne, id_table, nom_eleve, prenom_eleve) values (3, 11, NULL, NULL, 'GUEYE', 'Amelia');
insert into ELEVE (id_classe, id_eleve, id_colonne, id_table, nom_eleve, prenom_eleve) values (3, 12, NULL, NULL, 'KAROUACH', 'Ahmed');
insert into ELEVE (id_classe, id_eleve, id_colonne, id_table, nom_eleve, prenom_eleve) values (3, 13, NULL, NULL, 'KIMPUDI MAYUMA', 'Gracia');
insert into ELEVE (id_classe, id_eleve, id_colonne, id_table, nom_eleve, prenom_eleve) values (3, 14, NULL, NULL, 'LETSCH', 'Nicolas');
insert into ELEVE (id_classe, id_eleve, id_colonne, id_table, nom_eleve, prenom_eleve) values (3, 15, NULL, NULL, 'LUSO', 'Suize');
insert into ELEVE (id_classe, id_eleve, id_colonne, id_table, nom_eleve, prenom_eleve) values (3, 16, NULL, NULL, 'MAHASSINE', 'Yasmine');
insert into ELEVE (id_classe, id_eleve, id_colonne, id_table, nom_eleve, prenom_eleve) values (3, 17, NULL, NULL, 'NAUDE', 'Anne Sophie');
insert into ELEVE (id_classe, id_eleve, id_colonne, id_table, nom_eleve, prenom_eleve) values (3, 18, NULL, NULL, 'OBRY', 'Mathias');
insert into ELEVE (id_classe, id_eleve, id_colonne, id_table, nom_eleve, prenom_eleve) values (3, 19, NULL, NULL, 'OMENGA MBE', 'Gisele');
insert into ELEVE (id_classe, id_eleve, id_colonne, id_table, nom_eleve, prenom_eleve) values (3, 20, NULL, NULL, 'OUKILI GARTI', 'Manale');
insert into ELEVE (id_classe, id_eleve, id_colonne, id_table, nom_eleve, prenom_eleve) values (3, 21, NULL, NULL, 'PEZZI', 'Aurelia');
insert into ELEVE (id_classe, id_eleve, id_colonne, id_table, nom_eleve, prenom_eleve) values (3, 22, NULL, NULL, 'RISAL', 'Timothe');
insert into ELEVE (id_classe, id_eleve, id_colonne, id_table, nom_eleve, prenom_eleve) values (3, 23, NULL, NULL, 'ROGER', 'Chloe');
insert into ELEVE (id_classe, id_eleve, id_colonne, id_table, nom_eleve, prenom_eleve) values (3, 24, NULL, NULL, 'SEJOR', 'Axel');
insert into ELEVE (id_classe, id_eleve, id_colonne, id_table, nom_eleve, prenom_eleve) values (3, 25, NULL, NULL, 'SELISE', 'Yohan');
insert into ELEVE (id_classe, id_eleve, id_colonne, id_table, nom_eleve, prenom_eleve) values (3, 26, NULL, NULL, 'SUBASI', 'Derya');
insert into ELEVE (id_classe, id_eleve, id_colonne, id_table, nom_eleve, prenom_eleve) values (3, 27, NULL, NULL, 'TAPIA', 'Nathan');
insert into ELEVE (id_classe, id_eleve, id_colonne, id_table, nom_eleve, prenom_eleve) values (3, 28, NULL, NULL, 'TCHISSAMBOU KOUBETSI', 'Drucila');
insert into ELEVE (id_classe, id_eleve, id_colonne, id_table, nom_eleve, prenom_eleve) values (4, 1, NULL, NULL, 'ADJI', 'Precyane');
insert into ELEVE (id_classe, id_eleve, id_colonne, id_table, nom_eleve, prenom_eleve) values (4, 2, NULL, NULL, 'AFONSO FERNANDES', 'Ricardo');
insert into ELEVE (id_classe, id_eleve, id_colonne, id_table, nom_eleve, prenom_eleve) values (4, 3, NULL, NULL, 'BERROUIBAH', 'Mohamed');
insert into ELEVE (id_classe, id_eleve, id_colonne, id_table, nom_eleve, prenom_eleve) values (4, 4, NULL, NULL, 'DE BARROS FERNANDES', 'Maximilien');
insert into ELEVE (id_classe, id_eleve, id_colonne, id_table, nom_eleve, prenom_eleve) values (4, 5, NULL, NULL, 'DELIZY', 'Baptiste');
insert into ELEVE (id_classe, id_eleve, id_colonne, id_table, nom_eleve, prenom_eleve) values (4, 6, NULL, NULL, 'DETOISIEN', 'Arthur');
insert into ELEVE (id_classe, id_eleve, id_colonne, id_table, nom_eleve, prenom_eleve) values (4, 7, NULL, NULL, 'DOUAUD', 'Kristen');
insert into ELEVE (id_classe, id_eleve, id_colonne, id_table, nom_eleve, prenom_eleve) values (4, 8, NULL, NULL, 'FERRAGE MORAIS', 'Emanuel');
insert into ELEVE (id_classe, id_eleve, id_colonne, id_table, nom_eleve, prenom_eleve) values (4, 9, NULL, NULL, 'FLOQUET', 'Pierre');
insert into ELEVE (id_classe, id_eleve, id_colonne, id_table, nom_eleve, prenom_eleve) values (4, 10, NULL, NULL, 'GOREAU', 'Elisa');
insert into ELEVE (id_classe, id_eleve, id_colonne, id_table, nom_eleve, prenom_eleve) values (4, 11, NULL, NULL, 'GUILLAUMIN', 'Florian');
insert into ELEVE (id_classe, id_eleve, id_colonne, id_table, nom_eleve, prenom_eleve) values (4, 12, NULL, NULL, 'LATUILLERIE', 'Hugo');
insert into ELEVE (id_classe, id_eleve, id_colonne, id_table, nom_eleve, prenom_eleve) values (4, 13, NULL, NULL, 'LUCAS', 'Gregory');
insert into ELEVE (id_classe, id_eleve, id_colonne, id_table, nom_eleve, prenom_eleve) values (4, 14, NULL, NULL, 'MAMDOUH', 'Hebah');
insert into ELEVE (id_classe, id_eleve, id_colonne, id_table, nom_eleve, prenom_eleve) values (4, 15, NULL, NULL, 'PALABA', 'Jordan');
insert into ELEVE (id_classe, id_eleve, id_colonne, id_table, nom_eleve, prenom_eleve) values (4, 16, NULL, NULL, 'QIAN', 'Amelie');
insert into ELEVE (id_classe, id_eleve, id_colonne, id_table, nom_eleve, prenom_eleve) values (4, 17, NULL, NULL, 'TRACA', 'Thomas');
insert into ELEVE (id_classe, id_eleve, id_colonne, id_table, nom_eleve, prenom_eleve) values (4, 18, NULL, NULL, 'VINCENSINI', 'Brice');
insert into ELEVE (id_classe, id_eleve, id_colonne, id_table, nom_eleve, prenom_eleve) values (5, 1, NULL, NULL, 'ABASSI', 'Naier');
insert into ELEVE (id_classe, id_eleve, id_colonne, id_table, nom_eleve, prenom_eleve) values (5, 2, NULL, NULL, 'ABDOU MSA', 'Raouf');
insert into ELEVE (id_classe, id_eleve, id_colonne, id_table, nom_eleve, prenom_eleve) values (5, 3, NULL, NULL, 'AFONSO', 'Jason');
insert into ELEVE (id_classe, id_eleve, id_colonne, id_table, nom_eleve, prenom_eleve) values (5, 4, NULL, NULL, 'ALLARD', 'Alexandre');
insert into ELEVE (id_classe, id_eleve, id_colonne, id_table, nom_eleve, prenom_eleve) values (5, 5, NULL, NULL, 'BACAR', 'Nadhoime');
insert into ELEVE (id_classe, id_eleve, id_colonne, id_table, nom_eleve, prenom_eleve) values (5, 6, NULL, NULL, 'BERKANI', 'Alexandre');
insert into ELEVE (id_classe, id_eleve, id_colonne, id_table, nom_eleve, prenom_eleve) values (5, 7, NULL, NULL, 'BIEGAS', 'Hugo');
insert into ELEVE (id_classe, id_eleve, id_colonne, id_table, nom_eleve, prenom_eleve) values (5, 8, NULL, NULL, 'CADIRY', 'William');
insert into ELEVE (id_classe, id_eleve, id_colonne, id_table, nom_eleve, prenom_eleve) values (5, 9, NULL, NULL, 'CAGE', 'Antoine');
insert into ELEVE (id_classe, id_eleve, id_colonne, id_table, nom_eleve, prenom_eleve) values (5, 10, NULL, NULL, 'COHEN', 'Ethan');
insert into ELEVE (id_classe, id_eleve, id_colonne, id_table, nom_eleve, prenom_eleve) values (5, 11, NULL, NULL, 'DEMIRCI', 'Franck');
insert into ELEVE (id_classe, id_eleve, id_colonne, id_table, nom_eleve, prenom_eleve) values (5, 12, NULL, NULL, 'HAFTARI', 'Hussam');
insert into ELEVE (id_classe, id_eleve, id_colonne, id_table, nom_eleve, prenom_eleve) values (5, 13, NULL, NULL, 'HAWPE LIYANAGE', 'Ryan');
insert into ELEVE (id_classe, id_eleve, id_colonne, id_table, nom_eleve, prenom_eleve) values (5, 14, NULL, NULL, 'IZEGHLOUCHE', 'Yann');
insert into ELEVE (id_classe, id_eleve, id_colonne, id_table, nom_eleve, prenom_eleve) values (5, 15, NULL, NULL, 'JACQUOT', 'Adeline');
insert into ELEVE (id_classe, id_eleve, id_colonne, id_table, nom_eleve, prenom_eleve) values (5, 16, NULL, NULL, 'KEMDJO NOUNO', 'Rayan');
insert into ELEVE (id_classe, id_eleve, id_colonne, id_table, nom_eleve, prenom_eleve) values (5, 17, NULL, NULL, 'LAVAL', 'Vincent');
insert into ELEVE (id_classe, id_eleve, id_colonne, id_table, nom_eleve, prenom_eleve) values (5, 18, NULL, NULL, 'LEAL', 'Laetitia');
insert into ELEVE (id_classe, id_eleve, id_colonne, id_table, nom_eleve, prenom_eleve) values (5, 19, NULL, NULL, 'MARINI', 'Enzo');
insert into ELEVE (id_classe, id_eleve, id_colonne, id_table, nom_eleve, prenom_eleve) values (5, 20, NULL, NULL, 'MARTIN', 'Louis');
insert into ELEVE (id_classe, id_eleve, id_colonne, id_table, nom_eleve, prenom_eleve) values (5, 21, NULL, NULL, 'MARTIN', 'Raphael');
insert into ELEVE (id_classe, id_eleve, id_colonne, id_table, nom_eleve, prenom_eleve) values (5, 22, NULL, NULL, 'MATHE', 'Komlan');
insert into ELEVE (id_classe, id_eleve, id_colonne, id_table, nom_eleve, prenom_eleve) values (5, 23, NULL, NULL, 'MAROUK', 'Helwan');
insert into ELEVE (id_classe, id_eleve, id_colonne, id_table, nom_eleve, prenom_eleve) values (5, 24, NULL, NULL, 'MIGLIORETTO', 'Samuel');
insert into ELEVE (id_classe, id_eleve, id_colonne, id_table, nom_eleve, prenom_eleve) values (5, 25, NULL, NULL, 'NAAIMI', 'Walid');
insert into ELEVE (id_classe, id_eleve, id_colonne, id_table, nom_eleve, prenom_eleve) values (5, 26, NULL, NULL, 'NAILI', 'Rayan');
insert into ELEVE (id_classe, id_eleve, id_colonne, id_table, nom_eleve, prenom_eleve) values (5, 27, NULL, NULL, 'POVEDA AMARAL', 'Valentin');
insert into ELEVE (id_classe, id_eleve, id_colonne, id_table, nom_eleve, prenom_eleve) values (5, 28, NULL, NULL, 'RADOVANOVIC', 'Marko');
insert into ELEVE (id_classe, id_eleve, id_colonne, id_table, nom_eleve, prenom_eleve) values (5, 29, NULL, NULL, 'TITUS', 'Terry');
insert into ELEVE (id_classe, id_eleve, id_colonne, id_table, nom_eleve, prenom_eleve) values (5, 30, NULL, NULL, 'VANN', 'Vincent');
insert into ELEVE (id_classe, id_eleve, id_colonne, id_table, nom_eleve, prenom_eleve) values (5, 31, NULL, NULL, 'VIJEYARUBAN', 'Sharan');
insert into ELEVE (id_classe, id_eleve, id_colonne, id_table, nom_eleve, prenom_eleve) values (5, 32, NULL, NULL, 'WENG', 'Maxime');
insert into ELEVE (id_classe, id_eleve, id_colonne, id_table, nom_eleve, prenom_eleve) values (5, 33, NULL, NULL, 'WENG', 'Yannick');
insert into ELEVE (id_classe, id_eleve, id_colonne, id_table, nom_eleve, prenom_eleve) values (6, 1, NULL, NULL, 'ALLARD', 'Veziane');
insert into ELEVE (id_classe, id_eleve, id_colonne, id_table, nom_eleve, prenom_eleve) values (6, 2, NULL, NULL, 'AMRAOUI', 'Zakaria');
insert into ELEVE (id_classe, id_eleve, id_colonne, id_table, nom_eleve, prenom_eleve) values (6, 3, NULL, NULL, 'ARAOUJO', 'Hugo');
insert into ELEVE (id_classe, id_eleve, id_colonne, id_table, nom_eleve, prenom_eleve) values (6, 4, NULL, NULL, 'BACHATENE', 'Ines');
insert into ELEVE (id_classe, id_eleve, id_colonne, id_table, nom_eleve, prenom_eleve) values (6, 5, NULL, NULL, 'BOIS', 'Julien');
insert into ELEVE (id_classe, id_eleve, id_colonne, id_table, nom_eleve, prenom_eleve) values (6, 6, NULL, NULL, 'BOSIO', 'Gianni');
insert into ELEVE (id_classe, id_eleve, id_colonne, id_table, nom_eleve, prenom_eleve) values (6, 7, NULL, NULL, 'CARO', 'Arun');
insert into ELEVE (id_classe, id_eleve, id_colonne, id_table, nom_eleve, prenom_eleve) values (6, 8, NULL, NULL, 'CHERAMNAC', 'Alexis');
insert into ELEVE (id_classe, id_eleve, id_colonne, id_table, nom_eleve, prenom_eleve) values (6, 9, NULL, NULL, 'DIALLO', 'Amidou');
insert into ELEVE (id_classe, id_eleve, id_colonne, id_table, nom_eleve, prenom_eleve) values (6, 10, NULL, NULL, 'DUQUENNOY', 'Tom');
insert into ELEVE (id_classe, id_eleve, id_colonne, id_table, nom_eleve, prenom_eleve) values (6, 11, NULL, NULL, 'GAPASIN', 'Marc');
insert into ELEVE (id_classe, id_eleve, id_colonne, id_table, nom_eleve, prenom_eleve) values (6, 12, NULL, NULL, 'GOUREAU', 'Benjamin');
insert into ELEVE (id_classe, id_eleve, id_colonne, id_table, nom_eleve, prenom_eleve) values (6, 13, NULL, NULL, 'KERROUMI', 'Rahyan');
insert into ELEVE (id_classe, id_eleve, id_colonne, id_table, nom_eleve, prenom_eleve) values (6, 14, NULL, NULL, 'LABIB', 'Yassine');
insert into ELEVE (id_classe, id_eleve, id_colonne, id_table, nom_eleve, prenom_eleve) values (6, 15, NULL, NULL, 'LAPORTE-TALAMON', 'Victor');
insert into ELEVE (id_classe, id_eleve, id_colonne, id_table, nom_eleve, prenom_eleve) values (6, 16, NULL, NULL, 'LECLERC', 'Manon');
insert into ELEVE (id_classe, id_eleve, id_colonne, id_table, nom_eleve, prenom_eleve) values (6, 17, NULL, NULL, 'MADERY', 'Romain');
insert into ELEVE (id_classe, id_eleve, id_colonne, id_table, nom_eleve, prenom_eleve) values (6, 18, NULL, NULL, 'MAGANGA', 'Ines');
insert into ELEVE (id_classe, id_eleve, id_colonne, id_table, nom_eleve, prenom_eleve) values (6, 19, NULL, NULL, 'POIREAU', 'Jonathan');
insert into ELEVE (id_classe, id_eleve, id_colonne, id_table, nom_eleve, prenom_eleve) values (6, 20, NULL, NULL, 'REDUREAU', 'Melvin');
insert into ELEVE (id_classe, id_eleve, id_colonne, id_table, nom_eleve, prenom_eleve) values (6, 21, NULL, NULL, 'THIRIOT', 'Romain');
insert into ELEVE (id_classe, id_eleve, id_colonne, id_table, nom_eleve, prenom_eleve) values (6, 22, NULL, NULL, 'TRAN DIEP', 'Mai Thi');



insert into CLASSE (id_classe, nom_classe) values (1, 'MCO1');
insert into CLASSE (id_classe, nom_classe) values (2, 'MCO2');
insert into CLASSE (id_classe, nom_classe) values (3, 'NDRC1');
insert into CLASSE (id_classe, nom_classe) values (4, 'NDRC2');
insert into CLASSE (id_classe, nom_classe) values (5, 'SIO1');
insert into CLASSE (id_classe, nom_classe) values (6, 'SIO2');




insert into COLONNE (id_colonne, nb_table) values ('A', 14);
insert into COLONNE (id_colonne, nb_table) values ('B', 13);
insert into COLONNE (id_colonne, nb_table) values ('C', 14);
insert into COLONNE (id_colonne, nb_table) values ('D', 12);
insert into COLONNE (id_colonne, nb_table) values ('E', 14);
insert into COLONNE (id_colonne, nb_table) values ('F', 12);	
insert into COLONNE (id_colonne, nb_table) values ('G', 11);
insert into COLONNE (id_colonne, nb_table) values ('H', 11);
insert into COLONNE (id_colonne, nb_table) values ('I', 11);



insert into TABLES (id_colonne, id_table) values ('A', 1);
insert into TABLES (id_colonne, id_table) values ('A', 2);
insert into TABLES (id_colonne, id_table) values ('A', 3);
insert into TABLES (id_colonne, id_table) values ('A', 4);
insert into TABLES (id_colonne, id_table) values ('A', 5);
insert into TABLES (id_colonne, id_table) values ('A', 6);
insert into TABLES (id_colonne, id_table) values ('A', 7);
insert into TABLES (id_colonne, id_table) values ('A', 8);
insert into TABLES (id_colonne, id_table) values ('A', 9);
insert into TABLES (id_colonne, id_table) values ('A', 10);
insert into TABLES (id_colonne, id_table) values ('A', 11);
insert into TABLES (id_colonne, id_table) values ('A', 12);
insert into TABLES (id_colonne, id_table) values ('A', 13);
insert into TABLES (id_colonne, id_table) values ('A', 14);
insert into TABLES (id_colonne, id_table) values ('B', 1);
insert into TABLES (id_colonne, id_table) values ('B', 2);
insert into TABLES (id_colonne, id_table) values ('B', 3);
insert into TABLES (id_colonne, id_table) values ('B', 4);
insert into TABLES (id_colonne, id_table) values ('B', 5);
insert into TABLES (id_colonne, id_table) values ('B', 6);
insert into TABLES (id_colonne, id_table) values ('B', 7);
insert into TABLES (id_colonne, id_table) values ('B', 8);
insert into TABLES (id_colonne, id_table) values ('B', 9);
insert into TABLES (id_colonne, id_table) values ('B', 10);
insert into TABLES (id_colonne, id_table) values ('B', 11);
insert into TABLES (id_colonne, id_table) values ('B', 12);
insert into TABLES (id_colonne, id_table) values ('B', 13);
insert into TABLES (id_colonne, id_table) values ('C', 1);
insert into TABLES (id_colonne, id_table) values ('C', 2);
insert into TABLES (id_colonne, id_table) values ('C', 3);
insert into TABLES (id_colonne, id_table) values ('C', 4);
insert into TABLES (id_colonne, id_table) values ('C', 5);
insert into TABLES (id_colonne, id_table) values ('C', 6);
insert into TABLES (id_colonne, id_table) values ('C', 7);
insert into TABLES (id_colonne, id_table) values ('C', 8);
insert into TABLES (id_colonne, id_table) values ('C', 9);
insert into TABLES (id_colonne, id_table) values ('C', 10);
insert into TABLES (id_colonne, id_table) values ('C', 11);
insert into TABLES (id_colonne, id_table) values ('C', 12);
insert into TABLES (id_colonne, id_table) values ('C', 13);
insert into TABLES (id_colonne, id_table) values ('C', 14);
insert into TABLES (id_colonne, id_table) values ('D', 1);
insert into TABLES (id_colonne, id_table) values ('D', 2);
insert into TABLES (id_colonne, id_table) values ('D', 3);
insert into TABLES (id_colonne, id_table) values ('D', 4);
insert into TABLES (id_colonne, id_table) values ('D', 5);
insert into TABLES (id_colonne, id_table) values ('D', 6);
insert into TABLES (id_colonne, id_table) values ('D', 7);
insert into TABLES (id_colonne, id_table) values ('D', 8);
insert into TABLES (id_colonne, id_table) values ('D', 9);
insert into TABLES (id_colonne, id_table) values ('D', 10);
insert into TABLES (id_colonne, id_table) values ('D', 11);
insert into TABLES (id_colonne, id_table) values ('D', 12);
insert into TABLES (id_colonne, id_table) values ('E', 1);
insert into TABLES (id_colonne, id_table) values ('E', 2);
insert into TABLES (id_colonne, id_table) values ('E', 3);
insert into TABLES (id_colonne, id_table) values ('E', 4);
insert into TABLES (id_colonne, id_table) values ('E', 5);
insert into TABLES (id_colonne, id_table) values ('E', 6);
insert into TABLES (id_colonne, id_table) values ('E', 7);
insert into TABLES (id_colonne, id_table) values ('E', 8);
insert into TABLES (id_colonne, id_table) values ('E', 9);
insert into TABLES (id_colonne, id_table) values ('E', 10);
insert into TABLES (id_colonne, id_table) values ('E', 11);
insert into TABLES (id_colonne, id_table) values ('E', 12);
insert into TABLES (id_colonne, id_table) values ('E', 13);
insert into TABLES (id_colonne, id_table) values ('E', 14);
insert into TABLES (id_colonne, id_table) values ('F', 1);
insert into TABLES (id_colonne, id_table) values ('F', 2);
insert into TABLES (id_colonne, id_table) values ('F', 3);
insert into TABLES (id_colonne, id_table) values ('F', 4);
insert into TABLES (id_colonne, id_table) values ('F', 5);
insert into TABLES (id_colonne, id_table) values ('F', 6);
insert into TABLES (id_colonne, id_table) values ('F', 7);
insert into TABLES (id_colonne, id_table) values ('F', 8);
insert into TABLES (id_colonne, id_table) values ('F', 9);
insert into TABLES (id_colonne, id_table) values ('F', 10);
insert into TABLES (id_colonne, id_table) values ('F', 11);
insert into TABLES (id_colonne, id_table) values ('F', 12);
insert into TABLES (id_colonne, id_table) values ('G', 1);
insert into TABLES (id_colonne, id_table) values ('G', 2);
insert into TABLES (id_colonne, id_table) values ('G', 3);
insert into TABLES (id_colonne, id_table) values ('G', 4);
insert into TABLES (id_colonne, id_table) values ('G', 5);
insert into TABLES (id_colonne, id_table) values ('G', 6);
insert into TABLES (id_colonne, id_table) values ('G', 7);
insert into TABLES (id_colonne, id_table) values ('G', 8);
insert into TABLES (id_colonne, id_table) values ('G', 9);
insert into TABLES (id_colonne, id_table) values ('G', 10);
insert into TABLES (id_colonne, id_table) values ('G', 11);
insert into TABLES (id_colonne, id_table) values ('H', 1); 
insert into TABLES (id_colonne, id_table) values ('H', 2); 
insert into TABLES (id_colonne, id_table) values ('H', 3);
insert into TABLES (id_colonne, id_table) values ('H', 4);
insert into TABLES (id_colonne, id_table) values ('H', 5);
insert into TABLES (id_colonne, id_table) values ('H', 6);
insert into TABLES (id_colonne, id_table) values ('H', 7);
insert into TABLES (id_colonne, id_table) values ('H', 8);
insert into TABLES (id_colonne, id_table) values ('H', 9);
insert into TABLES (id_colonne, id_table) values ('H', 10);
insert into TABLES (id_colonne, id_table) values ('H', 11);
insert into TABLES (id_colonne, id_table) values ('I', 1);
insert into TABLES (id_colonne, id_table) values ('I', 2);
insert into TABLES (id_colonne, id_table) values ('I', 3);
insert into TABLES (id_colonne, id_table) values ('I', 4);
insert into TABLES (id_colonne, id_table) values ('I', 5);
insert into TABLES (id_colonne, id_table) values ('I', 6);
insert into TABLES (id_colonne, id_table) values ('I', 7);
insert into TABLES (id_colonne, id_table) values ('I', 8);
insert into TABLES (id_colonne, id_table) values ('I', 9);
insert into TABLES (id_colonne, id_table) values ('I', 10);
insert into TABLES (id_colonne, id_table) values ('I', 11);

